countryLabel,year,population
Afghanistan,2001,21347782
Afghanistan,2002,22202806
Afghanistan,2003,23116142
Afghanistan,2004,24018682
Afghanistan,2005,24860855
Afghanistan,2006,25631282
Afghanistan,2007,26349243
Afghanistan,2008,27032197
Afghanistan,2009,27708187
Afghanistan,2010,28397812
Afghanistan,2011,29105480
Afghanistan,2012,29824536
Afghanistan,2013,31822848
Afghanistan,2013,30551674
Albania,2001,3060173
Albania,2002,3051010
Albania,2003,3039616
Albania,2004,3026939
Albania,2005,3011487
Albania,2006,2992547
Albania,2007,2970017
Albania,2008,2947314
Albania,2009,2927519
Albania,2010,2913021
Albania,2011,2904780
Albania,2012,2900489
Albania,2013,2897366
Albania,2014,3020209
Algeria,2001,32150198
Algeria,2002,32572977
Algeria,2003,33003442
Algeria,2004,33461345
Algeria,2005,33960903
Algeria,2006,34507214
Algeria,2007,35097043
Algeria,2008,35725377
Algeria,2009,36383302
Algeria,2010,37062820
Algeria,2011,37762962
Algeria,2012,38481705
Algeria,2013,39208194
Algeria,2014,38813722
Andorra,2001,68000
Andorra,2002,71639
Andorra,2003,75643
Andorra,2004,79060
Andorra,2005,81223
Andorra,2006,81877
Andorra,2007,81292
Andorra,2008,79969
Andorra,2009,78659
Andorra,2010,77907
Andorra,2011,77865
Andorra,2012,78360
Andorra,2013,79218
Andorra,2016,78264
Andorra,2017,80209
Angola,2001,14385283
Angola,2002,14886574
Angola,2003,15421075
Angola,2004,15976715
Angola,2005,16544376
Angola,2006,17122409
Angola,2007,17712824
Angola,2008,18314441
Angola,2009,18926650
Angola,2010,19549124
Angola,2011,20180490
Angola,2012,20820525
Angola,2013,21471618
Antigua and Barbuda,2001,78972
Antigua and Barbuda,2002,80030
Antigua and Barbuda,2003,80904
Antigua and Barbuda,2004,81718
Antigua and Barbuda,2005,82565
Antigua and Barbuda,2006,83467
Antigua and Barbuda,2007,84397
Antigua and Barbuda,2008,85349
Antigua and Barbuda,2009,86300
Antigua and Barbuda,2010,87233
Antigua and Barbuda,2011,88152
Antigua and Barbuda,2012,89069
Antigua and Barbuda,2013,89985
Antigua and Barbuda,2016,100963
Argentina,2001,37273361
Argentina,2002,37627545
Argentina,2003,37970411
Argentina,2004,38308779
Argentina,2005,38647854
Argentina,2006,38988923
Argentina,2007,39331357
Argentina,2008,39676083
Argentina,2009,40023641
Argentina,2010,40374224
Argentina,2011,40728738
Argentina,2012,41086927
Argentina,2013,41446246
Argentina,2015,43417000
Armenia,2001,3059960
Armenia,2002,3047002
Armenia,2003,3036032
Armenia,2004,3025652
Armenia,2005,3014917
Armenia,2006,3002911
Armenia,2007,2989882
Armenia,2008,2977488
Armenia,2009,2968154
Armenia,2010,2963496
Armenia,2011,2964120
Armenia,2012,2969081
Armenia,2013,2976566
Australia,2012,22723904
Australia,2012,22637127
Australia,2012,22920450
Australia,2012,22826041
Australia,2013,23130931
Australia,2013,23035199
Australia,2016,23401892
Australia,2017,24511800
Austria,2001,8042293
Austria,2002,8081957
Austria,2003,8121423
Austria,2004,8171966
Austria,2005,8227829
Austria,2006,8268641
Austria,2007,8295487
Austria,2008,8321496
Austria,2009,8343323
Austria,2010,8363404
Austria,2011,8391643
Austria,2012,8429991
Austria,2013,8479823
Austria,2014,8572895
Azerbaijan,2001,8111200
Azerbaijan,2002,8171950
Azerbaijan,2003,8234100
Azerbaijan,2004,8306500
Azerbaijan,2005,8391850
Azerbaijan,2006,8484550
Azerbaijan,2007,8581300
Azerbaijan,2008,8763400
Azerbaijan,2009,8947243
Azerbaijan,2010,9054332
Azerbaijan,2011,9173082
Azerbaijan,2012,9295784
Azerbaijan,2013,9416801
Bahrain,2001,698749
Bahrain,2002,732541
Bahrain,2003,772058
Bahrain,2004,820505
Bahrain,2005,879534
Bahrain,2006,950951
Bahrain,2007,1032353
Bahrain,2008,1116038
Bahrain,2009,1191539
Bahrain,2010,1251513
Bahrain,2011,1292764
Bahrain,2012,1317827
Bahrain,2013,1332171
Bangladesh,2001,134729503
Bangladesh,2002,137006279
Bangladesh,2003,139185986
Bangladesh,2004,141235035
Bangladesh,2005,143135180
Bangladesh,2006,144868702
Bangladesh,2007,146457067
Bangladesh,2008,147969967
Bangladesh,2009,149503100
Bangladesh,2010,151125475
Bangladesh,2011,152862431
Bangladesh,2012,154695368
Bangladesh,2013,156594962
Barbados,2001,268296
Barbados,2002,269524
Barbados,2003,270844
Barbados,2004,272205
Barbados,2005,273568
Barbados,2006,274923
Barbados,2007,276277
Barbados,2008,277634
Barbados,2009,279006
Barbados,2010,280396
Barbados,2011,281804
Barbados,2012,283221
Barbados,2013,284644
Belarus,2009,9503807
Belarus,2014,9468171
Belarus,2014,9475100
Belarus,2015,9494200
Belarus,2017,9504700
Belgium,2001,10263414
Belgium,2001,10286570
Belgium,2002,10332785
Belgium,2002,10309725
Belgium,2003,10376133
Belgium,2003,10355844
Belgium,2004,10396421
Belgium,2004,10421137
Belgium,2005,10478617
Belgium,2005,10445852
Belgium,2006,10547958
Belgium,2006,10511382
Belgium,2007,10625700
Belgium,2007,10584534
Belgium,2008,10666866
Belgium,2008,10709973
Belgium,2009,10753080
Belgium,2009,10796493
Belgium,2010,10839905
Belgium,2010,10920272
Belgium,2011,10951266
Belgium,2011,11047744
Belgium,2012,11035948
Belgium,2012,11128246
Belgium,2013,11099554
Belgium,2013,11182817
Belgium,2014,11150516
Belize,2001,245198
Belize,2002,251766
Belize,2003,258346
Belize,2004,265040
Belize,2005,271920
Belize,2006,278985
Belize,2007,286196
Belize,2008,293544
Belize,2009,301016
Belize,2010,308595
Belize,2010,324528
Belize,2011,316280
Belize,2012,324060
Belize,2013,331900
Belize,2016,366954
Benin,2001,7174911
Benin,2002,7414744
Benin,2003,7665681
Benin,2004,7922796
Benin,2005,8182362
Benin,2006,8443671
Benin,2007,8707490
Benin,2008,8973293
Benin,2009,9240783
Benin,2010,9509798
Benin,2011,9779795
Benin,2012,10050702
Benin,2013,10323474
Bhutan,2001,580888
Bhutan,2002,598455
Bhutan,2003,616383
Bhutan,2004,633893
Bhutan,2005,650417
Bhutan,2006,665568
Bhutan,2007,679365
Bhutan,2008,692159
Bhutan,2009,704542
Bhutan,2010,716939
Bhutan,2011,729429
Bhutan,2012,741822
Bhutan,2013,753947
Bolivia,2001,8669066
Bolivia,2002,8843350
Bolivia,2003,9016787
Bolivia,2004,9187610
Bolivia,2005,9354709
Bolivia,2006,9517395
Bolivia,2007,9676456
Bolivia,2008,9834098
Bolivia,2009,9993406
Bolivia,2010,10156601
Bolivia,2011,10324445
Bolivia,2012,10496285
Bolivia,2013,10671200
Bosnia and Herzegovina,2013,3531159
Botswana,2001,1783349
Botswana,2002,1808976
Botswana,2003,1832602
Botswana,2004,1854739
Botswana,2005,1875805
Botswana,2006,1895944
Botswana,2007,1915187
Botswana,2008,1933719
Botswana,2009,1951715
Botswana,2010,1969341
Botswana,2011,1986701
Botswana,2012,2003910
Botswana,2013,2021144
Brazil,2001,176968205
Brazil,2002,179393768
Brazil,2003,181752951
Brazil,2004,184010283
Brazil,2005,186142403
Brazil,2006,188134315
Brazil,2007,189996976
Brazil,2008,191765567
Brazil,2009,193490922
Brazil,2010,195210154
Brazil,2011,196935134
Brazil,2012,198656019
Brazil,2013,200361925
Brazil,2015,202656788
Brazil,2016,206081432
Brunei,2001,339114
Brunei,2002,346407
Brunei,2003,353649
Brunei,2004,360797
Brunei,2005,367815
Brunei,2006,374697
Brunei,2007,381440
Brunei,2008,388017
Brunei,2009,394400
Brunei,2010,400569
Brunei,2011,406512
Brunei,2012,412238
Brunei,2013,417784
Bulgaria,2001,8020282
Bulgaria,2002,7868468
Bulgaria,2003,7823557
Bulgaria,2004,7781161
Bulgaria,2005,7739900
Bulgaria,2006,7699020
Bulgaria,2007,7545338
Bulgaria,2008,7492561
Bulgaria,2009,7444443
Bulgaria,2010,7395599
Bulgaria,2011,7348328
Bulgaria,2012,7305888
Bulgaria,2013,7265115
Bulgaria,2016,7101859
Burkina Faso,2001,11946080
Burkina Faso,2002,12296399
Burkina Faso,2003,12659086
Burkina Faso,2004,13034258
Burkina Faso,2005,13421929
Burkina Faso,2006,13822257
Burkina Faso,2007,14235075
Burkina Faso,2008,14659646
Burkina Faso,2009,15094967
Burkina Faso,2010,15540284
Burkina Faso,2011,15995313
Burkina Faso,2012,16460141
Burkina Faso,2013,16934839
Burundi,2001,6839376
Burundi,2002,7037727
Burundi,2003,7264340
Burundi,2004,7510771
Burundi,2005,7770392
Burundi,2006,8042579
Burundi,2007,8328312
Burundi,2008,8624280
Burundi,2009,8926687
Burundi,2010,9232753
Burundi,2011,9540362
Burundi,2012,9849569
Burundi,2013,10162532
Cambodia,2001,12472586
Cambodia,2002,12709336
Cambodia,2003,12934369
Cambodia,2004,13149386
Cambodia,2005,13356424
Cambodia,2006,13555054
Cambodia,2007,13747288
Cambodia,2008,13940518
Cambodia,2009,14144225
Cambodia,2010,14364931
Cambodia,2011,14605862
Cambodia,2012,14864646
Cambodia,2013,15135169
Cameroon,2001,16350440
Cameroon,2002,16782044
Cameroon,2003,17223277
Cameroon,2004,17674960
Cameroon,2005,18137734
Cameroon,2006,18611937
Cameroon,2007,19097676
Cameroon,2008,19595026
Cameroon,2009,20103945
Cameroon,2010,20624343
Cameroon,2011,21156272
Cameroon,2012,21699631
Cameroon,2013,22253959
Canada,2001,31081900
Canada,2002,31362000
Canada,2003,31676000
Canada,2004,31995000
Canada,2005,32312000
Canada,2006,32570505
Canada,2007,32887928
Canada,2008,33245773
Canada,2009,33628571
Canada,2010,34005274
Canada,2011,33476688
Canada,2011,34342780
Canada,2012,34752128
Canada,2013,35154279
Canada,2013,35158300
Canada,2015,35702707
Canada,2016,36155487
Cape Verde,2001,450812
Cape Verde,2002,459140
Cape Verde,2003,466939
Cape Verde,2004,473577
Cape Verde,2005,478651
Cape Verde,2006,481940
Cape Verde,2007,483713
Cape Verde,2008,484651
Cape Verde,2009,485714
Cape Verde,2010,487601
Cape Verde,2011,490556
Cape Verde,2012,494401
Cape Verde,2013,498897
Central African Republic,2001,3704045
Central African Republic,2002,3767248
Central African Republic,2003,3829636
Central African Republic,2004,3893595
Central African Republic,2005,3960897
Central African Republic,2006,4032102
Central African Republic,2007,4106897
Central African Republic,2008,4185106
Central African Republic,2009,4266247
Central African Republic,2010,4349921
Central African Republic,2011,4436217
Central African Republic,2012,4525209
Central African Republic,2013,4616417
Chad,2001,8620917
Chad,2002,8959964
Chad,2003,9311234
Chad,2004,9665024
Chad,2005,10014413
Chad,2006,10356822
Chad,2007,10694366
Chad,2008,11030628
Chad,2009,11371325
Chad,2010,11720781
Chad,2011,12080037
Chad,2012,12448175
Chad,2013,12825314
Chad,2018,15228584
Chile,2001,15639289
Chile,2002,15819522
Chile,2003,15995658
Chile,2004,16168241
Chile,2005,16337749
Chile,2006,16504530
Chile,2007,16668892
Chile,2008,16831184
Chile,2009,16991729
Chile,2010,17150760
Chile,2011,17308449
Chile,2012,17464814
Chile,2013,17619708
Colombia,2001,40558648
Colombia,2002,41216304
Colombia,2003,41872051
Colombia,2004,42527623
Colombia,2005,43184026
Colombia,2006,43841370
Colombia,2007,44498390
Colombia,2008,45153037
Colombia,2009,45802561
Colombia,2010,46444798
Colombia,2011,47078792
Colombia,2012,47704427
Comoros,2001,541976
Comoros,2002,556028
Comoros,2003,570491
Comoros,2004,585389
Comoros,2005,600733
Comoros,2006,616526
Comoros,2007,632736
Comoros,2008,649291
Comoros,2009,666097
Comoros,2010,683081
Comoros,2011,700216
Comoros,2012,717503
Comoros,2013,734917
Comoros,2017,823652
Cook Islands,2011,14974
Cook Islands,2016,21000
Costa Rica,2001,105339877
Costa Rica,2001,4013488
Costa Rica,2002,106723661
Costa Rica,2002,4093840
Costa Rica,2003,108056312
Costa Rica,2003,4171145
Costa Rica,2004,109381550
Costa Rica,2004,4246336
Costa Rica,2005,110731826
Costa Rica,2005,4320130
Costa Rica,2006,112116694
Costa Rica,2006,4392493
Costa Rica,2007,113529819
Costa Rica,2007,4463226
Costa Rica,2008,114968039
Costa Rica,2008,4532711
Costa Rica,2009,116422752
Costa Rica,2009,4601424
Costa Rica,2010,117886404
Costa Rica,2010,130526945
Costa Rica,2010,4669685
Costa Rica,2011,119361233
Costa Rica,2011,4737680
Costa Rica,2012,120847449
Costa Rica,2012,4805295
Costa Rica,2013,122332399
Costa Rica,2013,4872166
Costa Rica,2017,130526945
Croatia,2011,4284889
Cuba,2001,11175465
Cuba,2002,11212125
Cuba,2003,11245926
Cuba,2004,11273363
Cuba,2005,11292078
Cuba,2006,11301100
Cuba,2007,11301674
Cuba,2008,11296355
Cuba,2009,11288826
Cuba,2010,11281768
Cuba,2011,11276053
Cuba,2012,11270957
Cuba,2013,11265629
Cyprus,2001,961481
Cyprus,2002,979877
Cyprus,2003,998142
Cyprus,2004,1015820
Cyprus,2005,1032586
Cyprus,2006,1048314
Cyprus,2007,1063095
Cyprus,2008,1077089
Cyprus,2009,1090553
Cyprus,2010,1103685
Cyprus,2011,1116513
Cyprus,2012,1128994
Cyprus,2013,1141166
Czech Republic,2001,10230060
Czech Republic,2005,10234092
Czech Republic,2010,10517247
Czech Republic,2011,10496672
Czech Republic,2012,10509286
Czech Republic,2013,10521646
Czech Republic,2015,10538275
Czech Republic,2016,10553843
Czech Republic,2017,10578820
Czech Republic,2018,10610055
Democratic Republic of the Congo,2001,48167045
Democratic Republic of the Congo,2002,49516960
Democratic Republic of the Congo,2003,50972323
Democratic Republic of the Congo,2004,52487293
Democratic Republic of the Congo,2005,54028003
Democratic Republic of the Congo,2006,55590838
Democratic Republic of the Congo,2007,57187942
Democratic Republic of the Congo,2008,58819038
Democratic Republic of the Congo,2009,60486276
Democratic Republic of the Congo,2010,62191161
Democratic Republic of the Congo,2011,63931512
Democratic Republic of the Congo,2012,65705093
Democratic Republic of the Congo,2013,67513677
Democratic Republic of the Congo,2014,73722860
Democratic Republic of the Congo,2015,76196619
Democratic Republic of the Congo,2016,78736153
Denmark,2014,5639719
Denmark,2014,5655750
Denmark,2015,5668743
Denmark,2015,5659715
Denmark,2015,5678348
Denmark,2015,5699220
Denmark,2016,5707251
Djibouti,2001,733732
Djibouti,2002,744434
Djibouti,2003,755085
Djibouti,2004,765776
Djibouti,2005,776585
Djibouti,2006,787544
Djibouti,2007,798690
Djibouti,2008,810100
Djibouti,2009,821865
Djibouti,2010,834036
Djibouti,2011,846646
Djibouti,2012,859652
Djibouti,2013,872932
Dominica,2001,69660
Dominica,2002,69806
Dominica,2003,70058
Dominica,2004,70325
Dominica,2005,70542
Dominica,2006,70690
Dominica,2007,70795
Dominica,2008,70883
Dominica,2009,70996
Dominica,2010,71167
Dominica,2011,71401
Dominica,2012,71684
Dominica,2013,72003
Dominica,2016,73543
Dominican Republic,2001,8799298
Dominican Republic,2002,8935261
Dominican Republic,2003,9071318
Dominican Republic,2004,9207389
Dominican Republic,2005,9343362
Dominican Republic,2006,9479269
Dominican Republic,2007,9615015
Dominican Republic,2008,9750195
Dominican Republic,2009,9884265
Dominican Republic,2010,10016797
Dominican Republic,2011,10147598
Dominican Republic,2012,10276621
Dominican Republic,2013,10403761
East Timor,2001,871353
East Timor,2002,899367
East Timor,2003,933369
East Timor,2004,966987
East Timor,2005,982889
East Timor,2006,999053
East Timor,2007,1015482
East Timor,2008,1032182
East Timor,2009,1049156
East Timor,2010,1066409
East Timor,2011,1120392
East Timor,2012,1148958
East Timor,2013,1180069
East Timor,2014,1201542
Ecuador,2001,12780869
Ecuador,2002,13030041
Ecuador,2003,13279806
Ecuador,2004,13529091
Ecuador,2005,13777131
Ecuador,2006,14023503
Ecuador,2007,14268397
Ecuador,2008,14512402
Ecuador,2009,14756424
Ecuador,2010,15001072
Ecuador,2011,15246481
Ecuador,2012,15492264
Ecuador,2013,15737878
Egypt,2001,67204189
Egypt,2002,68302914
Egypt,2003,69432477
Egypt,2004,70591288
Egypt,2005,71777678
Egypt,2006,72798031
Egypt,2007,74229577
Egypt,2008,75491922
Egypt,2009,76775023
Egypt,2010,78075705
Egypt,2011,79392466
Egypt,2012,80721874
Egypt,2013,82056378
Egypt,2017,94798827
El Salvador,2001,5985299
El Salvador,2002,6008308
El Salvador,2003,6029366
El Salvador,2004,6050297
El Salvador,2005,6072538
El Salvador,2006,6096692
El Salvador,2007,6122952
El Salvador,2008,6151776
El Salvador,2009,6183484
El Salvador,2010,6218195
El Salvador,2011,6256242
El Salvador,2012,6297394
El Salvador,2013,6340454
Equatorial Guinea,2001,534592
Equatorial Guinea,2002,551399
Equatorial Guinea,2003,568552
Equatorial Guinea,2004,585983
Equatorial Guinea,2005,603648
Equatorial Guinea,2006,621517
Equatorial Guinea,2007,639618
Equatorial Guinea,2008,658025
Equatorial Guinea,2009,676851
Equatorial Guinea,2010,696167
Equatorial Guinea,2011,715996
Equatorial Guinea,2012,736296
Equatorial Guinea,2013,757014
Eritrea,2001,4101609
Eritrea,2002,4281576
Eritrea,2003,4472533
Eritrea,2004,4665522
Eritrea,2005,4854066
Eritrea,2006,5035036
Eritrea,2007,5209846
Eritrea,2008,5382163
Eritrea,2009,5557889
Eritrea,2010,5741159
Eritrea,2011,5932852
Eritrea,2012,6130922
Eritrea,2013,6333135
Estonia,2014,1315819
Estonia,2015,1313271
Estonia,2016,1315944
Estonia,2017,1315635
Estonia,2018,1318705
Ethiopia,2001,67956866
Ethiopia,2002,69948344
Ethiopia,2003,71989666
Ethiopia,2004,74066147
Ethiopia,2005,76167240
Ethiopia,2006,78290649
Ethiopia,2007,80440708
Ethiopia,2008,82621190
Ethiopia,2009,84838032
Ethiopia,2010,87095281
Ethiopia,2011,89393063
Ethiopia,2012,91728849
Ethiopia,2013,94100756
Ethiopia,2014,96958732
Federated States of Micronesia,2001,107170
Federated States of Micronesia,2002,106983
Federated States of Micronesia,2003,106816
Federated States of Micronesia,2004,106575
Federated States of Micronesia,2005,106198
Federated States of Micronesia,2006,105686
Federated States of Micronesia,2007,105097
Federated States of Micronesia,2008,104498
Federated States of Micronesia,2009,103983
Federated States of Micronesia,2010,103619
Federated States of Micronesia,2011,103424
Federated States of Micronesia,2012,103395
Federated States of Micronesia,2013,103549
Fiji,2001,814700
Fiji,2002,816237
Fiji,2003,817224
Fiji,2004,818995
Fiji,2005,822484
Fiji,2006,828060
Fiji,2007,835392
Fiji,2008,843851
Fiji,2009,852479
Fiji,2010,860559
Fiji,2011,867921
Fiji,2012,874742
Fiji,2013,881065
Fiji,2016,915303
Finland,2001,5188008
Finland,2002,5200598
Finland,2003,5213014
Finland,2004,5228172
Finland,2005,5246096
Finland,2006,5266268
Finland,2007,5288720
Finland,2008,5313399
Finland,2009,5338871
Finland,2010,5363352
Finland,2011,5388272
Finland,2012,5413971
Finland,2013,5438972
Finland,2014,5470437
Finland,2016,5501043
Finland,2017,5516224
France,2001,61355725
France,2002,61803229
France,2003,62242474
France,2004,62702121
France,2005,63176246
France,2006,63617975
France,2007,64012572
France,2008,64371099
France,2009,64702921
France,2010,65023142
France,2011,65343588
France,2012,65649570
France,2013,65939866
France,2015,66380602
France,2016,66632870
France,2016,66628000
Gabon,2001,1255299
Gabon,2002,1285318
Gabon,2003,1315820
Gabon,2004,1347125
Gabon,2005,1379465
Gabon,2006,1412907
Gabon,2007,1447388
Gabon,2008,1482843
Gabon,2009,1519155
Gabon,2010,1556222
Gabon,2011,1594034
Gabon,2012,1632572
Gabon,2013,1671711
Georgia,2002,4371535
Georgia,2014,3729500
Georgia,2016,3720400
Germany,2002,82537000
Germany,2004,82501000
Germany,2006,82315000
Germany,2008,82002000
Germany,2010,81752000
Germany,2012,80500000
Germany,2014,81083600
Germany,2015,81292400
Germany,2015,82175700
Ghana,2001,19293392
Ghana,2002,19786307
Ghana,2003,20301686
Ghana,2004,20835514
Ghana,2005,21384034
Ghana,2006,21947779
Ghana,2007,22525659
Ghana,2008,23110139
Ghana,2009,23691533
Ghana,2010,24262901
Ghana,2011,24820706
Ghana,2012,25366462
Ghana,2013,25904598
Ghana,2016,28308301
Ghana,2017,26908262
Greece,2001,10951764
Greece,2002,10983723
Greece,2003,11018324
Greece,2004,11055729
Greece,2005,11092913
Greece,2006,11127947
Greece,2007,11163002
Greece,2008,11186439
Greece,2009,11187085
Greece,2010,11153454
Greece,2011,10815197
Greece,2011,11123213
Greece,2012,11092771
Greece,2013,11027549
Greece,2014,10775557
Grenada,2001,101849
Grenada,2002,102099
Grenada,2003,102369
Grenada,2004,102655
Grenada,2005,102951
Grenada,2006,103260
Grenada,2007,103586
Grenada,2008,103932
Grenada,2009,104296
Grenada,2010,104677
Grenada,2011,105074
Grenada,2012,105483
Grenada,2013,105897
Guatemala,2001,11478984
Guatemala,2002,11765738
Guatemala,2003,12062835
Guatemala,2004,12367800
Guatemala,2005,12678919
Guatemala,2006,12995374
Guatemala,2007,13317931
Guatemala,2008,13648307
Guatemala,2009,13988988
Guatemala,2010,14341576
Guatemala,2011,14706578
Guatemala,2012,15082831
Guatemala,2013,15468203
Guatemala,2018,17263239
Guernsey,2012,65345
Guinea,2001,8895353
Guinea,2002,9045748
Guinea,2003,9204581
Guinea,2004,9379621
Guinea,2005,9576331
Guinea,2006,9798963
Guinea,2007,10046967
Guinea,2008,10314678
Guinea,2009,10593248
Guinea,2010,10876033
Guinea,2011,11161530
Guinea,2012,11451273
Guinea,2013,11745189
Guinea,2014,10628972
Guinea-Bissau,2001,1301748
Guinea-Bissau,2002,1330849
Guinea-Bissau,2003,1360559
Guinea-Bissau,2004,1390791
Guinea-Bissau,2005,1421515
Guinea-Bissau,2006,1452659
Guinea-Bissau,2007,1484337
Guinea-Bissau,2008,1516920
Guinea-Bissau,2009,1550905
Guinea-Bissau,2010,1586624
Guinea-Bissau,2011,1624228
Guinea-Bissau,2012,1663558
Guinea-Bissau,2013,1704255
Guyana,2001,747657
Guyana,2002,750629
Guyana,2003,753612
Guyana,2004,756939
Guyana,2005,760834
Guyana,2006,765367
Guyana,2007,770407
Guyana,2008,775739
Guyana,2009,781055
Guyana,2010,786126
Guyana,2011,790882
Guyana,2012,795369
Guyana,2013,799613
Haiti,2001,8720247
Haiti,2002,8859635
Haiti,2003,8996229
Haiti,2004,9129933
Haiti,2005,9260879
Haiti,2006,9388642
Haiti,2007,9513714
Haiti,2008,9638255
Haiti,2009,9765153
Haiti,2010,9896400
Haiti,2011,10032864
Haiti,2012,10173775
Haiti,2013,10317461
Honduras,2001,6365040
Honduras,2002,6495801
Honduras,2003,6628171
Honduras,2004,6762426
Honduras,2005,6898825
Honduras,2006,7037428
Honduras,2007,7178436
Honduras,2008,7322368
Honduras,2009,7469844
Honduras,2010,7621204
Honduras,2011,7776669
Honduras,2012,7935846
Honduras,2013,8097688
Hungary,2001,10187576
Hungary,2002,10158608
Hungary,2003,10129552
Hungary,2004,10107146
Hungary,2005,10087065
Hungary,2006,10071370
Hungary,2007,10055780
Hungary,2008,10038188
Hungary,2009,10022650
Hungary,2010,10000023
Hungary,2011,9971727
Hungary,2012,9920362
Hungary,2013,9893899
Hungary,2016,9817958
Iceland,2001,284968
Iceland,2002,287523
Iceland,2003,289521
Iceland,2004,292074
Iceland,2005,296734
Iceland,2006,303782
Iceland,2007,311566
Iceland,2008,317414
Iceland,2009,318499
Iceland,2010,318041
Iceland,2011,319014
Iceland,2012,320716
Iceland,2013,323764
Iceland,2014,317351
Iceland,2016,332529
Iceland,2017,348580
India,2001,1059500888
India,2002,1076705723
India,2003,1093786762
India,2004,1110626108
India,2005,1127143548
India,2006,1143289350
India,2007,1159095250
India,2008,1174662334
India,2009,1190138069
India,2010,1205624648
India,2011,1221156319
India,2012,1236686732
India,2013,1252139596
India,2014,1293859294
India,2014,1263200000
India,2015,1309053980
India,2016,1324171354
India,2017,1339180127
Indonesia,2001,211970371
Indonesia,2002,215038285
Indonesia,2003,218145617
Indonesia,2004,221293797
Indonesia,2005,224480901
Indonesia,2006,227709821
Indonesia,2007,230972808
Indonesia,2008,234243489
Indonesia,2009,237486894
Indonesia,2010,240676485
Indonesia,2011,243801639
Indonesia,2012,246864191
Indonesia,2013,249865631
Iran,2001,66857624
Iran,2002,67727274
Iran,2003,68543171
Iran,2004,69342126
Iran,2005,70152384
Iran,2006,70976584
Iran,2007,71809219
Iran,2008,72660887
Iran,2009,73542954
Iran,2010,74462314
Iran,2011,75424285
Iran,2012,76424443
Iran,2013,77447168
Iran,2017,79966230
Iraq,2001,24516842
Iraq,2002,25238267
Iraq,2003,25959531
Iraq,2004,26673536
Iraq,2005,27377045
Iraq,2006,28064095
Iraq,2007,28740630
Iraq,2008,29429829
Iraq,2009,30163199
Iraq,2010,30962380
Iraq,2011,31760020
Iraq,2012,32578209
Iraq,2013,33417476
Iraq,2016,37202572
Ireland,2001,3866243
Ireland,2002,3931947
Ireland,2003,3996521
Ireland,2004,4070262
Ireland,2005,4159914
Ireland,2006,4273591
Ireland,2007,4398942
Ireland,2008,4489544
Ireland,2009,4535375
Ireland,2010,4560155
Ireland,2011,4588252
Ireland,2011,4576794
Ireland,2012,4586897
Ireland,2013,4597558
Ireland,2016,4761865
Isle of Man,2001,77616
Isle of Man,2002,78338
Isle of Man,2003,79001
Isle of Man,2004,79658
Isle of Man,2005,80345
Isle of Man,2006,81068
Isle of Man,2007,81812
Isle of Man,2008,82561
Isle of Man,2009,83293
Isle of Man,2010,83992
Isle of Man,2011,84654
Isle of Man,2012,85284
Isle of Man,2013,85888
Israel,2008,7412200
Israel,2015,8463400
Israel,2017,8654900
Israel,2017,8796200
Italy,2001,56974100
Italy,2002,57059007
Italy,2003,57313203
Italy,2004,57685327
Italy,2005,57969484
Italy,2006,58143979
Italy,2007,58438310
Italy,2008,58826731
Italy,2009,59095365
Italy,2010,59277417
Italy,2011,59379449
Italy,2012,59539717
Italy,2013,60233948
Italy,2016,60599936
Ivory Coast,2001,16420173
Ivory Coast,2002,16674987
Ivory Coast,2003,16909801
Ivory Coast,2004,17144325
Ivory Coast,2005,17393994
Ivory Coast,2006,17662417
Ivory Coast,2007,17949061
Ivory Coast,2008,18260044
Ivory Coast,2009,18601342
Ivory Coast,2010,18976588
Ivory Coast,2011,19389954
Ivory Coast,2012,19839750
Ivory Coast,2013,20316086
Jamaica,2015,2950210
Japan,2005,127767994
Japan,2010,128057352
Japan,2015,127110047
Jersey,2001,87186
Jersey,2011,97857
Jersey,2014,100080
Jordan,2016,9813095
Kazakhstan,2001,14858335
Kazakhstan,2002,14858948
Kazakhstan,2003,14909018
Kazakhstan,2004,15012985
Kazakhstan,2005,15147029
Kazakhstan,2006,15308084
Kazakhstan,2007,15484192
Kazakhstan,2008,15674000
Kazakhstan,2009,16092701
Kazakhstan,2010,16321581
Kazakhstan,2011,16556600
Kazakhstan,2012,16791425
Kazakhstan,2013,17035275
Kazakhstan,2014,17948816
Kenya,2001,32126351
Kenya,2002,33000524
Kenya,2003,33905011
Kenya,2004,34834606
Kenya,2005,35785718
Kenya,2006,36757498
Kenya,2007,37752304
Kenya,2008,38773277
Kenya,2009,39824734
Kenya,2010,40909194
Kenya,2011,42027891
Kenya,2012,43178141
Kenya,2013,44353691
Kenya,2017,48468138
Kingdom of Denmark,2016,5707251
Kingdom of the Netherlands,2013,17100715
Kiribati,2001,84261
Kiribati,2002,85799
Kiribati,2003,87371
Kiribati,2004,88936
Kiribati,2005,90468
Kiribati,2006,91953
Kiribati,2007,93401
Kiribati,2008,94832
Kiribati,2009,96272
Kiribati,2010,97743
Kiribati,2011,99250
Kiribati,2012,100786
Kiribati,2013,102351
Kosovo,2016,1883018
Kuwait,2005,2213403
Kuwait,2016,4660000
Kyrgyzstan,2009,5362800
Kyrgyzstan,2016,6000000
Laos,2001,5470169
Laos,2002,5545245
Laos,2003,5619069
Laos,2004,5699112
Laos,2005,5790646
Laos,2006,5895930
Laos,2007,6013278
Laos,2008,6139127
Laos,2009,6267968
Laos,2010,6395713
Laos,2011,6521314
Laos,2012,6645827
Laos,2013,6769727
Latvia,2014,1989500
Latvia,2017,1953000
Latvia,2018,1929900
Lebanon,2001,3357600
Lebanon,2002,3515604
Lebanon,2003,3690110
Lebanon,2004,3853582
Lebanon,2005,3986865
Lebanon,2006,4079823
Lebanon,2007,4139813
Lebanon,2008,4186088
Lebanon,2009,4246924
Lebanon,2010,4341092
Lebanon,2011,4382790
Lebanon,2012,4424888
Lebanon,2013,4467390
Lesotho,2001,1871500
Lesotho,2002,1885487
Lesotho,2003,1898757
Lesotho,2004,1912022
Lesotho,2005,1925844
Lesotho,2006,1940413
Lesotho,2007,1955784
Lesotho,2008,1972199
Lesotho,2009,1989873
Lesotho,2010,2008921
Lesotho,2011,2029516
Lesotho,2012,2051545
Lesotho,2013,2074465
Liberia,2001,2998770
Liberia,2002,3070673
Liberia,2003,3124222
Liberia,2004,3184643
Liberia,2005,3269786
Liberia,2006,3384791
Liberia,2007,3522294
Liberia,2008,3672714
Liberia,2009,3821440
Liberia,2010,3957990
Liberia,2011,4079697
Liberia,2012,4190435
Liberia,2013,4294077
Libya,2001,5258677
Libya,2002,5340389
Libya,2003,5422612
Libya,2004,5507000
Libya,2005,5594450
Libya,2006,5686475
Libya,2007,5782108
Libya,2008,5876805
Libya,2009,5964325
Libya,2010,6040612
Libya,2011,6103233
Libya,2012,6154623
Libya,2013,6201521
Liechtenstein,2001,33475
Liechtenstein,2002,33821
Liechtenstein,2003,34141
Liechtenstein,2004,34445
Liechtenstein,2005,34740
Liechtenstein,2006,35028
Liechtenstein,2007,35308
Liechtenstein,2008,35582
Liechtenstein,2009,35851
Liechtenstein,2010,36120
Liechtenstein,2011,36388
Liechtenstein,2012,36656
Liechtenstein,2013,36925
Liechtenstein,2015,37468
Lithuania,2016,2853500
Lithuania,2018,2810118
Luxembourg,2001,441525
Luxembourg,2002,446175
Luxembourg,2003,451630
Luxembourg,2004,458095
Luxembourg,2005,465158
Luxembourg,2006,472637
Luxembourg,2007,479993
Luxembourg,2008,488650
Luxembourg,2009,497783
Luxembourg,2010,506953
Luxembourg,2011,518347
Luxembourg,2012,530946
Luxembourg,2013,543360
Madagascar,2001,16235767
Madagascar,2002,16736029
Madagascar,2003,17245275
Madagascar,2004,17763367
Madagascar,2005,18290394
Madagascar,2006,18826126
Madagascar,2007,19371023
Madagascar,2008,19926785
Madagascar,2009,20495695
Madagascar,2010,21079532
Madagascar,2011,21678934
Madagascar,2012,22293914
Madagascar,2013,22924851
Malawi,2001,11623166
Malawi,2002,11926778
Malawi,2003,12238739
Malawi,2004,12569091
Malawi,2005,12924746
Malawi,2006,13307535
Malawi,2007,13713758
Malawi,2008,14138207
Malawi,2009,14573338
Malawi,2010,15013694
Malawi,2011,15457531
Malawi,2012,15906483
Malawi,2013,16362567
Malaysia,2001,23925742
Malaysia,2002,24413795
Malaysia,2003,24890654
Malaysia,2004,25365089
Malaysia,2005,25843466
Malaysia,2006,26327098
Malaysia,2007,26813819
Malaysia,2008,27302348
Malaysia,2009,27790324
Malaysia,2010,28275835
Malaysia,2010,28334135
Malaysia,2011,28758968
Malaysia,2012,29239927
Malaysia,2013,29716965
Malaysia,2014,30018242
Malaysia,2015,30331007
Maldives,2001,277825
Maldives,2002,282743
Maldives,2003,287594
Maldives,2004,292505
Maldives,2005,297576
Maldives,2006,302825
Maldives,2007,308239
Maldives,2008,313843
Maldives,2009,319660
Maldives,2010,325694
Maldives,2011,331964
Maldives,2012,338442
Maldives,2013,345023
Maldives,2014,401000
Mali,2001,10562768
Mali,2002,10882662
Mali,2003,11219737
Mali,2004,11572936
Mali,2005,11941258
Mali,2006,12325545
Mali,2007,12725629
Mali,2008,13138299
Mali,2009,13559296
Mali,2010,13985961
Mali,2011,14416737
Mali,2012,14853572
Mali,2013,15301650
Malta,2001,393028
Malta,2002,395969
Malta,2003,398582
Malta,2004,401268
Malta,2005,403834
Malta,2006,405308
Malta,2007,406724
Malta,2008,409379
Malta,2009,412477
Malta,2010,414508
Malta,2011,416268
Malta,2012,419455
Malta,2013,423374
Marshall Islands,2001,52184
Marshall Islands,2002,52161
Marshall Islands,2003,52115
Marshall Islands,2004,52074
Marshall Islands,2005,52058
Marshall Islands,2006,52084
Marshall Islands,2007,52150
Marshall Islands,2008,52245
Marshall Islands,2009,52341
Marshall Islands,2010,52428
Marshall Islands,2011,52495
Marshall Islands,2012,52555
Marshall Islands,2013,52634
Mauritania,2001,2791403
Mauritania,2002,2877431
Mauritania,2003,2965667
Mauritania,2004,3055425
Mauritania,2005,3146164
Mauritania,2006,3237713
Mauritania,2007,3330037
Mauritania,2008,3422901
Mauritania,2009,3516077
Mauritania,2010,3609420
Mauritania,2011,3702763
Mauritania,2012,3796141
Mauritania,2013,3889880
Mauritius,2001,1196287
Mauritius,2002,1204621
Mauritius,2003,1213370
Mauritius,2004,1221003
Mauritius,2005,1228254
Mauritius,2006,1233996
Mauritius,2007,1239630
Mauritius,2008,1244121
Mauritius,2009,1247429
Mauritius,2010,1250400
Mauritius,2011,1252404
Mauritius,2012,1255882
Mauritius,2013,1258653
Moldova,2017,2550900
Monaco,2001,32366
Monaco,2002,32653
Monaco,2003,32968
Monaco,2004,33346
Monaco,2005,33808
Monaco,2006,34369
Monaco,2007,35013
Monaco,2008,35686
Monaco,2009,36314
Monaco,2010,36845
Monaco,2011,37261
Monaco,2012,37579
Monaco,2013,37831
Mongolia,2001,2419669
Mongolia,2002,2443231
Mongolia,2003,2468595
Mongolia,2004,2496248
Mongolia,2005,2526502
Mongolia,2006,2559496
Mongolia,2007,2595068
Mongolia,2008,2632834
Mongolia,2009,2672223
Mongolia,2010,2712738
Mongolia,2011,2754209
Mongolia,2012,2796484
Mongolia,2013,2839073
Mongolia,2014,3081678
Montenegro,2011,620029
Morocco,2001,29021156
Morocco,2002,29311443
Morocco,2003,29586937
Morocco,2004,29855820
Morocco,2005,30125445
Morocco,2006,30395097
Morocco,2007,30667086
Morocco,2008,30955151
Morocco,2009,31276564
Morocco,2010,31642360
Morocco,2011,32059424
Morocco,2012,32521143
Morocco,2013,33008150
Morocco,2014,33848242
Mozambique,2001,18785719
Mozambique,2002,19319894
Mozambique,2003,19873460
Mozambique,2004,20438827
Mozambique,2005,21010376
Mozambique,2006,21587317
Mozambique,2007,22171404
Mozambique,2008,22762525
Mozambique,2009,23361025
Mozambique,2010,23967265
Mozambique,2011,24581367
Mozambique,2012,25203395
Mozambique,2013,25833752
Myanmar,2001,48894203
Myanmar,2002,49261313
Myanmar,2003,49577152
Myanmar,2004,49875169
Myanmar,2005,50181020
Myanmar,2006,50500070
Myanmar,2007,50828959
Myanmar,2008,51174018
Myanmar,2009,51540490
Myanmar,2010,51931231
Myanmar,2011,52350763
Myanmar,2012,52797319
Myanmar,2013,53259018
Namibia,2001,1931282
Namibia,2002,1958303
Namibia,2003,1981237
Namibia,2004,2003320
Namibia,2005,2027026
Namibia,2006,2052931
Namibia,2007,2080700
Namibia,2008,2110791
Namibia,2009,2143498
Namibia,2010,2178967
Namibia,2011,2217618
Namibia,2012,2259393
Namibia,2013,2303315
Nepal,2001,23151423
Nepal,2001,23655119
Nepal,2002,24102862
Nepal,2003,24525527
Nepal,2004,24921910
Nepal,2005,25292058
Nepal,2006,25634043
Nepal,2006,28287147
Nepal,2007,25950022
Nepal,2008,26249412
Nepal,2009,26544943
Nepal,2010,26846016
Nepal,2011,26494504
Nepal,2011,27156367
Nepal,2012,27474377
Nepal,2013,27797457
Nepal,2014,30986975
Netherlands,2013,16779575
Netherlands,2014,16829289
Netherlands,2016,17000000
New Zealand,2003,4000000
New Zealand,2013,4242048
New Zealand,2017,4793700
Nicaragua,2001,5176685
Nicaragua,2002,5248577
Nicaragua,2003,5317878
Nicaragua,2004,5386299
Nicaragua,2005,5455219
Nicaragua,2006,5524927
Nicaragua,2007,5595533
Nicaragua,2008,5667983
Nicaragua,2009,5743329
Nicaragua,2010,5822209
Nicaragua,2011,5905146
Nicaragua,2012,5991733
Nicaragua,2013,6080478
Niger,2001,11396434
Niger,2002,11817297
Niger,2003,12254040
Niger,2004,12708897
Niger,2005,13183798
Niger,2006,13679705
Niger,2007,14197289
Niger,2008,14737895
Niger,2009,15302948
Niger,2010,15893746
Niger,2011,16511462
Niger,2012,17157042
Niger,2013,17831270
Niger,2014,18534802
Nigeria,2001,126004992
Nigeria,2002,129224641
Nigeria,2003,132550146
Nigeria,2004,135999250
Nigeria,2005,139585891
Nigeria,2006,143314909
Nigeria,2007,147187353
Nigeria,2008,151208080
Nigeria,2009,155381020
Nigeria,2010,159707780
Nigeria,2011,164192925
Nigeria,2012,168833776
Nigeria,2013,173615345
Nigeria,2015,182202000
Niue,2016,1612
North Korea,2001,23043449
North Korea,2002,23248059
North Korea,2003,23449180
North Korea,2004,23639303
North Korea,2005,23813333
North Korea,2006,23969917
North Korea,2007,24111989
North Korea,2008,24243894
North Korea,2009,24371865
North Korea,2010,24500520
North Korea,2011,24631291
North Korea,2011,24052231
North Korea,2011,24554000
North Korea,2012,24763188
North Korea,2013,24895480
Norway,2001,4513751
Norway,2002,4538159
Norway,2003,4564855
Norway,2004,4591910
Norway,2005,4623291
Norway,2006,4660677
Norway,2007,4709153
Norway,2008,4768212
Norway,2009,4828726
Norway,2010,4889252
Norway,2011,4953088
Norway,2012,5018573
Norway,2013,5096300
Norway,2013,5080166
Norway,2014,5124383
Norway,2014,5109056
Norway,2016,5213985
Norway,2017,5258317
Oman,2001,2239025
Oman,2002,2308409
Oman,2003,2389121
Oman,2004,2464001
Oman,2005,2522325
Oman,2006,2554905
Oman,2007,2569739
Oman,2008,2593523
Oman,2009,2663224
Oman,2010,2802768
Oman,2011,3024774
Oman,2012,3314001
Oman,2013,3632444
Pakistan,2001,146857081
Pakistan,2002,149693684
Pakistan,2003,152419974
Pakistan,2004,155151394
Pakistan,2005,157971415
Pakistan,2006,160905794
Pakistan,2007,163928329
Pakistan,2008,167008083
Pakistan,2009,170093999
Pakistan,2010,1731493
Pakistan,2011,176166353
Pakistan,2012,179160111
Pakistan,2013,182142594
Pakistan,2014,185546257
Pakistan,2015,189380513
Pakistan,2016,193203476
Palau,2001,19404
Palau,2002,19575
Palau,2003,19700
Palau,2004,19805
Palau,2005,19907
Palau,2006,20012
Palau,2007,20118
Palau,2008,20228
Palau,2009,20344
Palau,2010,20470
Palau,2011,20606
Palau,2012,20754
Palau,2013,20918
Panama,2001,3116409
Panama,2002,3178450
Panama,2003,3240805
Panama,2004,3303335
Panama,2005,3365929
Panama,2006,3428509
Panama,2007,3491034
Panama,2008,3553480
Panama,2009,3615846
Panama,2010,3678128
Panama,2011,3740282
Panama,2012,3802281
Panama,2013,3864170
Papua New Guinea,2001,5518971
Papua New Guinea,2002,5660267
Papua New Guinea,2003,5803302
Papua New Guinea,2004,5948461
Papua New Guinea,2005,6095959
Papua New Guinea,2006,6245797
Papua New Guinea,2007,6397623
Papua New Guinea,2008,6550877
Papua New Guinea,2009,6704829
Papua New Guinea,2010,6858945
Papua New Guinea,2011,7012977
Papua New Guinea,2012,7167010
Papua New Guinea,2013,7321262
Paraguay,2001,5460621
Paraguay,2002,5571371
Paraguay,2003,5682350
Paraguay,2004,5793330
Paraguay,2005,5904170
Paraguay,2006,6014781
Paraguay,2007,6125285
Paraguay,2008,6236005
Paraguay,2009,6347383
Paraguay,2010,6459721
Paraguay,2011,6573097
Paraguay,2012,6672633
Paraguay,2012,6687361
Paraguay,2013,6802295
People's Republic of China,2010,1359755102
People's Republic of China,2010,1332810869
People's Republic of China,2011,1367480264
People's Republic of China,2012,1375198619
People's Republic of China,2013,1382793212
People's Republic of China,2014,1390110388
People's Republic of China,2015,1397028553
People's Republic of China,2016,1403500365
People's Republic of China,2017,1409517397
Peru,2001,26372358
Peru,2002,26729909
Peru,2003,27073334
Peru,2004,27403845
Peru,2005,27723281
Peru,2006,28030688
Peru,2007,28328410
Peru,2008,28625628
Peru,2009,28934303
Peru,2010,29262830
Peru,2011,29614887
Peru,2012,29987800
Peru,2013,30375603
Peru,2018,32733529
Philippines,2001,79604541
Philippines,2002,81294378
Philippines,2003,82971734
Philippines,2004,84596249
Philippines,2005,86141373
Philippines,2006,87592899
Philippines,2007,88965508
Philippines,2007,88548366
Philippines,2008,90297115
Philippines,2009,91641881
Philippines,2010,92337852
Philippines,2010,93038902
Philippines,2011,94501233
Philippines,2012,96017322
Philippines,2013,97571676
Philippines,2015,100981437
Poland,2001,38248076
Poland,2002,38230364
Poland,2003,38204570
Poland,2004,38182222
Poland,2005,38165445
Poland,2006,38141267
Poland,2007,38120560
Poland,2008,38125759
Poland,2009,38151603
Poland,2010,38183683
Poland,2011,38534157
Poland,2012,38535873
Poland,2013,38514479
Poland,2014,37995529
Poland,2016,38454576
Portugal,2001,10362722
Portugal,2002,10419631
Portugal,2003,10458821
Portugal,2004,10483861
Portugal,2005,10503330
Portugal,2006,10522288
Portugal,2007,10542964
Portugal,2008,10558177
Portugal,2009,10568247
Portugal,2010,10573100
Portugal,2011,10557560
Portugal,2012,10514844
Portugal,2013,10457295
Qatar,2001,611808
Qatar,2002,629745
Qatar,2003,660238
Qatar,2004,720384
Qatar,2005,821159
Qatar,2006,967602
Qatar,2007,1152459
Qatar,2008,1359114
Qatar,2009,1564087
Qatar,2010,1765513
Qatar,2011,1910902
Qatar,2012,2050514
Qatar,2013,2168673
Republic of Macedonia,2001,2065098
Republic of Macedonia,2002,2074441
Republic of Macedonia,2003,2080866
Republic of Macedonia,2004,2085728
Republic of Macedonia,2005,2090044
Republic of Macedonia,2006,2093801
Republic of Macedonia,2007,2096620
Republic of Macedonia,2008,2098769
Republic of Macedonia,2009,2100558
Republic of Macedonia,2010,2102216
Republic of Macedonia,2011,2103890
Republic of Macedonia,2012,2105575
Republic of Macedonia,2013,2107158
Republic of the Congo,2001,3205636
Republic of the Congo,2002,3283719
Republic of the Congo,2003,3363418
Republic of the Congo,2004,3448868
Republic of the Congo,2005,3542867
Republic of the Congo,2006,3646653
Republic of the Congo,2007,3758858
Republic of the Congo,2008,3876475
Republic of the Congo,2009,3995146
Republic of the Congo,2010,4111715
Republic of the Congo,2011,4225359
Republic of the Congo,2012,4337051
Republic of the Congo,2013,4447632
Romania,2001,22131970
Romania,2002,21730496
Romania,2003,21574326
Romania,2004,21451748
Romania,2005,21319685
Romania,2006,21193760
Romania,2007,20882982
Romania,2008,20537875
Romania,2009,20367487
Romania,2010,20246871
Romania,2011,20147528
Romania,2012,20058035
Romania,2013,19981358
Romania,2014,19910995
Romania,2016,22241718
Russia,2012,143056383
Russia,2013,143347059
Russia,2014,143666931
Russia,2016,146519759
Russia,2017,146804372
Rwanda,2001,8760003
Rwanda,2002,8987523
Rwanda,2003,9126167
Rwanda,2004,9254379
Rwanda,2005,9429457
Rwanda,2006,9660946
Rwanda,2007,9928143
Rwanda,2008,10222961
Rwanda,2009,10529668
Rwanda,2010,10836732
Rwanda,2011,11144315
Rwanda,2012,11457801
Rwanda,2013,11776522
Sahrawi Arab Democratic Republic,2010,502585
Saint Kitts and Nevis,2001,46214
Saint Kitts and Nevis,2002,46934
Saint Kitts and Nevis,2003,47679
Saint Kitts and Nevis,2004,48421
Saint Kitts and Nevis,2005,49139
Saint Kitts and Nevis,2006,49823
Saint Kitts and Nevis,2007,50478
Saint Kitts and Nevis,2008,51110
Saint Kitts and Nevis,2009,51731
Saint Kitts and Nevis,2010,52352
Saint Kitts and Nevis,2011,52971
Saint Kitts and Nevis,2012,53584
Saint Kitts and Nevis,2013,54191
Saint Lucia,2001,158650
Saint Lucia,2002,160217
Saint Lucia,2003,161766
Saint Lucia,2004,163460
Saint Lucia,2005,165407
Saint Lucia,2006,167658
Saint Lucia,2007,170149
Saint Lucia,2008,172734
Saint Lucia,2009,175200
Saint Lucia,2010,177397
Saint Lucia,2011,179271
Saint Lucia,2012,180870
Saint Lucia,2013,182273
Saint Vincent and the Grenadines,2001,107989
Saint Vincent and the Grenadines,2002,108150
Saint Vincent and the Grenadines,2003,108353
Saint Vincent and the Grenadines,2004,108562
Saint Vincent and the Grenadines,2005,108749
Saint Vincent and the Grenadines,2006,108908
Saint Vincent and the Grenadines,2007,109045
Saint Vincent and the Grenadines,2008,109158
Saint Vincent and the Grenadines,2009,109249
Saint Vincent and the Grenadines,2010,109316
Saint Vincent and the Grenadines,2011,109357
Saint Vincent and the Grenadines,2012,109373
Saint Vincent and the Grenadines,2013,109373
Samoa,2001,175567
Samoa,2002,176592
Samoa,2003,177677
Samoa,2004,178794
Samoa,2005,179928
Samoa,2006,181073
Samoa,2007,182240
Samoa,2008,183444
Samoa,2009,184704
Samoa,2010,186029
Samoa,2011,187429
Samoa,2012,188889
Samoa,2013,190372
San Marino,2001,27467
San Marino,2002,28064
San Marino,2003,28700
San Marino,2004,29290
San Marino,2005,29775
San Marino,2006,30130
San Marino,2007,30377
San Marino,2008,30549
San Marino,2009,30698
San Marino,2010,30861
San Marino,2011,30938
San Marino,2012,31172
San Marino,2013,31391
San Marino,2014,31595
Saudi Arabia,2001,20891594
Saudi Arabia,2002,21825217
Saudi Arabia,2003,22852333
Saudi Arabia,2004,23839231
Saudi Arabia,2005,24690067
Saudi Arabia,2006,25371936
Saudi Arabia,2007,25915624
Saudi Arabia,2008,26366358
Saudi Arabia,2009,26796375
Saudi Arabia,2010,27258387
Saudi Arabia,2011,27761728
Saudi Arabia,2012,28287855
Saudi Arabia,2013,28828870
Saudi Arabia,2017,33000000
Senegal,2001,10119118
Senegal,2002,10390050
Senegal,2003,10673535
Senegal,2004,10967568
Senegal,2005,11270826
Senegal,2006,11582925
Senegal,2007,11904974
Senegal,2008,12238791
Senegal,2009,12586827
Senegal,2010,12950564
Senegal,2011,13330737
Senegal,2012,13726021
Senegal,2013,14133280
Serbia,2016,7041599
Seychelles,2012,92000
Sierra Leone,2001,4295667
Sierra Leone,2002,4493047
Sierra Leone,2003,4712763
Sierra Leone,2004,4928175
Sierra Leone,2005,5119895
Sierra Leone,2006,5280909
Sierra Leone,2007,5416015
Sierra Leone,2008,5532139
Sierra Leone,2009,5641182
Sierra Leone,2010,5751976
Sierra Leone,2011,5865491
Sierra Leone,2012,5978727
Sierra Leone,2013,6092075
Sierra Leone,2015,7092113
Singapore,2013,5399200
Singapore,2013,3844800
Singapore,2016,5781728
Singapore,2017,5888926
Slovakia,2015,5426252
Slovenia,2015,2062874
Solomon Islands,2001,423529
Solomon Islands,2002,434880
Solomon Islands,2003,446335
Solomon Islands,2004,457827
Solomon Islands,2005,469306
Solomon Islands,2006,480745
Solomon Islands,2007,492148
Solomon Islands,2008,503541
Solomon Islands,2009,514964
Solomon Islands,2010,526447
Solomon Islands,2011,537997
Solomon Islands,2012,549598
Solomon Islands,2013,561231
Somalia,2001,7609265
Somalia,2002,7825924
Somalia,2003,8037706
Somalia,2004,8249965
Somalia,2005,8466938
Somalia,2006,8687671
Somalia,2007,8910851
Somalia,2008,9140259
Somalia,2009,9380854
Somalia,2010,9636173
Somalia,2011,9907903
Somalia,2012,10195134
Somalia,2013,10495583
South Africa,2011,51770560
South Africa,2017,55445000
South Korea,2001,47357362
South Korea,2002,47622179
South Korea,2003,47859311
South Korea,2004,48039415
South Korea,2005,48138077
South Korea,2006,48371946
South Korea,2007,48597652
South Korea,2008,48948698
South Korea,2009,49182038
South Korea,2010,49410366
South Korea,2011,49779440
South Korea,2012,50004441
South Korea,2013,50219669
South Korea,2015,51069375
South Sudan,2015,12340000
Spain,2001,40756001
Spain,2002,41431558
Spain,2003,42187645
Spain,2004,42921895
Spain,2005,43653155
Spain,2006,44397319
Spain,2007,45226803
Spain,2008,45954106
Spain,2009,46362946
Spain,2010,46576897
Spain,2011,46742697
Spain,2012,46773055
Spain,2013,46617825
Spain,2014,46512199
Spain,2015,46449565
Spain,2017,46528024
Sri Lanka,2012,20277597
State of Palestine,2014,4550368
Sudan,2015,40235000
Suriname,2001,473312
Suriname,2002,480099
Suriname,2003,486867
Suriname,2004,493394
Suriname,2005,499523
Suriname,2006,505186
Suriname,2007,510433
Suriname,2008,515372
Suriname,2009,520173
Suriname,2010,524960
Suriname,2011,529761
Suriname,2012,534541
Suriname,2013,539276
Swaziland,2001,1074761
Swaziland,2002,1082183
Swaziland,2003,1087929
Swaziland,2004,1094758
Swaziland,2005,1104642
Swaziland,2006,1118253
Swaziland,2007,1134977
Swaziland,2008,1153929
Swaziland,2009,1173678
Swaziland,2010,1193148
Swaziland,2011,1212159
Swaziland,2012,1230985
Swaziland,2013,1249514
Sweden,2001,8895960
Sweden,2002,8924958
Sweden,2003,8958229
Sweden,2004,8993531
Sweden,2005,9029572
Sweden,2006,9080505
Sweden,2007,9148092
Sweden,2008,9219637
Sweden,2009,9298515
Sweden,2010,9378126
Sweden,2011,9449213
Sweden,2012,9519374
Sweden,2013,9600379
Sweden,2014,9747355
Sweden,2015,9804082
Sweden,2016,9954420
Sweden,2017,10000000
Sweden,2017,10120242
Sweden,2017,10053061
Switzerland,2001,7229854
Switzerland,2002,7284753
Switzerland,2003,7339001
Switzerland,2004,7389625
Switzerland,2005,7437115
Switzerland,2006,7483934
Switzerland,2007,7551117
Switzerland,2008,7647675
Switzerland,2009,7743831
Switzerland,2010,7824909
Switzerland,2011,7912398
Switzerland,2012,7996861
Switzerland,2013,8087875
Switzerland,2014,8211700
Syria,2001,16700984
Syria,2002,16994676
Syria,2003,17298476
Syria,2004,17676012
Syria,2005,18167367
Syria,2006,18804914
Syria,2007,19561477
Syria,2008,20346056
Syria,2009,21031546
Syria,2010,21532647
Syria,2011,21961676
Syria,2012,22399254
Syria,2013,22845550
Syria,2014,17064854
São Tomé and Príncipe,2001,141783
São Tomé and Príncipe,2002,144447
São Tomé and Príncipe,2003,147455
São Tomé and Príncipe,2004,150842
São Tomé and Príncipe,2005,154615
São Tomé and Príncipe,2006,158806
São Tomé and Príncipe,2007,163390
São Tomé and Príncipe,2008,168253
São Tomé and Príncipe,2009,173240
São Tomé and Príncipe,2010,178228
São Tomé and Príncipe,2011,183177
São Tomé and Príncipe,2012,188098
São Tomé and Príncipe,2013,192993
Taiwan,2016,23508362
Tajikistan,2015,8610000
Tanzania,2001,34895398
Tanzania,2002,35806497
Tanzania,2003,36760831
Tanzania,2004,37765139
Tanzania,2005,38824384
Tanzania,2006,39942347
Tanzania,2007,41119693
Tanzania,2008,42353790
Tanzania,2009,43639752
Tanzania,2010,44973330
Tanzania,2011,46354607
Tanzania,2012,47783107
Tanzania,2013,49253126
Thailand,2001,63069070
Thailand,2002,63797841
Thailand,2003,64488338
Thailand,2004,65087400
Thailand,2005,65559487
Thailand,2006,65883961
Thailand,2007,66076927
Thailand,2008,66185340
Thailand,2009,66277335
Thailand,2010,66402316
Thailand,2010,65981659
Thailand,2011,66576332
Thailand,2012,66785001
Thailand,2013,67010502
Thailand,2016,65931550
Thailand,2017,66188503
The Bahamas,2001,303005
The Bahamas,2002,309039
The Bahamas,2003,315624
The Bahamas,2004,322400
The Bahamas,2005,329088
The Bahamas,2006,335622
The Bahamas,2007,342049
The Bahamas,2008,348340
The Bahamas,2009,354492
The Bahamas,2010,360498
The Bahamas,2011,366331
The Bahamas,2012,371960
The Bahamas,2013,377374
The Gambia,2001,1266691
The Gambia,2002,1306667
The Gambia,2003,1348548
The Gambia,2004,1391934
The Gambia,2005,1436549
The Gambia,2006,1482324
The Gambia,2007,1529406
The Gambia,2008,1577984
The Gambia,2009,1628332
The Gambia,2010,1680640
The Gambia,2011,1734966
The Gambia,2012,1791225
The Gambia,2013,1849285
Togo,2001,4992225
Togo,2002,5123674
Togo,2003,5258956
Togo,2004,5397851
Togo,2005,5540214
Togo,2006,5685845
Togo,2007,5834806
Togo,2008,5987491
Togo,2009,6144457
Togo,2010,6306014
Togo,2011,6472304
Togo,2012,6642928
Togo,2013,6816982
Tonga,2001,98504
Tonga,2002,99083
Tonga,2003,99691
Tonga,2004,100319
Tonga,2005,100960
Tonga,2006,101617
Tonga,2007,102289
Tonga,2008,102947
Tonga,2009,103557
Tonga,2010,104098
Tonga,2011,104554
Tonga,2012,104941
Tonga,2013,105323
Trinidad and Tobago,2001,1272347
Trinidad and Tobago,2002,1277723
Trinidad and Tobago,2003,1283868
Trinidad and Tobago,2004,1290379
Trinidad and Tobago,2005,1296933
Trinidad and Tobago,2006,1303478
Trinidad and Tobago,2007,1310040
Trinidad and Tobago,2008,1316449
Trinidad and Tobago,2009,1322518
Trinidad and Tobago,2010,1328095
Trinidad and Tobago,2011,1333082
Trinidad and Tobago,2012,1337439
Trinidad and Tobago,2013,1341151
Tunisia,2016,11304500
Turkey,2001,64100297
Turkey,2002,65022300
Turkey,2003,65938265
Turkey,2004,66845635
Turkey,2005,67743052
Turkey,2006,68626337
Turkey,2007,69515492
Turkey,2008,70344357
Turkey,2009,71261307
Turkey,2010,72310416
Turkey,2011,73517002
Turkey,2012,74849187
Turkey,2013,76223639
Turkey,2014,77523788
Turkey,2015,78665830
Turkey,2017,80144878
Turkish Republic of Northern Cyprus,2014,313626
Tuvalu,2001,9471
Tuvalu,2002,9530
Tuvalu,2003,9590
Tuvalu,2004,9646
Tuvalu,2005,9694
Tuvalu,2006,9732
Tuvalu,2007,9764
Tuvalu,2008,9788
Tuvalu,2009,9808
Tuvalu,2010,9827
Tuvalu,2011,9844
Tuvalu,2012,9860
Tuvalu,2013,9876
Uganda,2001,25088033
Uganda,2002,25943441
Uganda,2003,26838428
Uganda,2004,27766986
Uganda,2005,28724869
Uganda,2006,29711397
Uganda,2007,30728747
Uganda,2008,31778799
Uganda,2009,32864328
Uganda,2010,33987213
Uganda,2011,35148064
Uganda,2012,36345860
Uganda,2013,37578876
Ukraine,2003,48003500
Ukraine,2013,45553000
Ukraine,2015,42800501
Ukraine,2017,42558328
United Arab Emirates,2001,3132104
United Arab Emirates,2002,3223969
United Arab Emirates,2003,3369254
United Arab Emirates,2004,3658658
United Arab Emirates,2005,4148883
United Arab Emirates,2006,4875639
United Arab Emirates,2007,5797347
United Arab Emirates,2008,6798635
United Arab Emirates,2009,7718319
United Arab Emirates,2010,8441537
United Arab Emirates,2011,8925096
United Arab Emirates,2012,9205651
United Arab Emirates,2013,9346129
United Kingdom,2001,59119673
United Kingdom,2002,59370479
United Kingdom,2003,59647577
United Kingdom,2004,59987905
United Kingdom,2005,60401206
United Kingdom,2006,60846820
United Kingdom,2007,61322463
United Kingdom,2008,61806995
United Kingdom,2009,62276270
United Kingdom,2010,62766365
United Kingdom,2011,63181775
United Kingdom,2011,63258918
United Kingdom,2012,63700300
United Kingdom,2012,63705000
United Kingdom,2013,64106779
United Kingdom,2016,65102385
United States of America,2010,308745538
United States of America,2011,311582600
United States of America,2013,316128839
United States of America,2016,323952889
United States of America,2017,325145963
Uruguay,2001,3326762
Uruguay,2002,3327500
Uruguay,2003,3325411
Uruguay,2004,3323822
Uruguay,2005,3325155
Uruguay,2006,3330217
Uruguay,2007,3338384
Uruguay,2008,3348898
Uruguay,2009,3360431
Uruguay,2010,3371982
Uruguay,2011,3383486
Uruguay,2012,3395253
Uruguay,2013,3407062
Uzbekistan,2016,31576400
Vanuatu,2001,189285
Vanuatu,2002,193950
Vanuatu,2003,198952
Vanuatu,2004,204135
Vanuatu,2005,209375
Vanuatu,2006,214654
Vanuatu,2007,220001
Vanuatu,2008,225398
Vanuatu,2009,230833
Vanuatu,2010,236299
Vanuatu,2011,241778
Vanuatu,2012,247262
Vanuatu,2013,252763
Vatican City,2017,1000
Venezuela,2001,24870441
Venezuela,2002,25333622
Venezuela,2003,25797219
Venezuela,2004,26261326
Venezuela,2005,26725897
Venezuela,2006,27190882
Venezuela,2007,27655937
Venezuela,2008,28120312
Venezuela,2009,28583040
Venezuela,2010,29043283
Venezuela,2011,29500625
Venezuela,2012,29954782
Venezuela,2013,30405207
Venezuela,2014,28868486
Vietnam,2015,91700000
Wales,2011,3063456
Wales,2012,3074067
Wales,2016,3113000
Yemen,2004,19685161
Yemen,2009,22492035
Yemen,2012,24259561
Yemen,2014,26183676
Zambia,2001,10362137
Zambia,2002,10625423
Zambia,2003,10894519
Zambia,2004,11174650
Zambia,2005,11470022
Zambia,2006,11781612
Zambia,2007,12109620
Zambia,2008,12456527
Zambia,2009,12825031
Zambia,2010,13216985
Zambia,2010,13092666
Zambia,2011,13633796
Zambia,2012,14309466
Zambia,2012,14075099
Zambia,2013,14538640
Zimbabwe,2001,12586763
Zimbabwe,2002,12640922
Zimbabwe,2003,12673103
Zimbabwe,2004,12693047
Zimbabwe,2005,12710589
Zimbabwe,2006,12724308
Zimbabwe,2007,12740160
Zimbabwe,2008,12784041
Zimbabwe,2009,12888918
Zimbabwe,2010,13076978
Zimbabwe,2011,13358738
Zimbabwe,2012,13724317
Zimbabwe,2013,14149648
